Date,Dated Brent,Bonny light,Mars,WTI,Maya Europe,Maya USGC,ESPO,Urals NWE,Urals MED,Dubai,LLS,Propane,Gasoline,Jet,Gasoil,FO 1%,ULSD,Naphtha,Butane,FO 3.5%,VGO 0.5%,FO 0.5%,VGO 2%,Arab light,Arab Heavy,Azeri BTC,Tapis,Dalia,Oman,Oseberg blend,ORL
1/1/2000,25.5,,,,,,,-0.5,-0.5,-2.2,1.5,-2.364706902,,7.879456755,,-2.954984109,,1.362571376,-3.227965283,-6.178657794,1.22702529,,0.276572792,1,,,0.2,,-1.3,,
1/2/2000,27.9,,,,,,,-0.5,-0.5,-3.2,1.7,-2.073890443,,5.679154785,,-3.244093596,,1.475277292,-2.30881605,-7.477669824,1.997708996,,1.195334242,0.75,,,-0.4,,-2.5,,
1/3/2000,27.3,,,,,,,-1,-1.5,-2.2,2,-3.622160124,,7.508726471,,-2.401897386,,3.263846061,-3.867299888,-4.225990433,1.956401441,,1.038289482,0.75,,,1.2,,-1.6,,
1/4/2000,22.6,,,,,,,-1,-1.4,-0.5,2.7,-3.358499413,,10.71828751,,-1.482555156,,1.700582592,-4.766095341,-4.424218578,3.103969121,,-0.616742479,0.75,,,2.7,,0.1,,
1/5/2000,27.6,,,,,,,-0.6,-1.2,-1.9,1.5,-7.719306289,,4.605475414,,-4.384147969,,0.155785897,-9.297393517,-9.550713669,0.358729673,,-1.653570512,0.5,,,1.1,,-1.8,,
1/6/2000,29.8,,,,,,,-1.6,-2.4,-2.6,1.9,-7.654020253,,4.848575247,,-2.622201451,,0.100064971,-9.234428882,-8.911991616,0.836808781,,-0.497769282,0.6,,,0.7,,-2,,
1/7/2000,28.5,,,,,,,-3.1,-4,-2.4,1,-5.769139911,,8.424447522,,-2.938696783,,0.900779967,-7.046314838,-8.308510714,0.724416643,,-1.903102401,0.6,,,2.3,,-1.9,,
1/8/2000,30.1,,,,,,,-2.4,-2.7,-3.1,1.5,-6.55459586,,9.491508472,,-6.665747306,,-0.745613242,-7.618570529,-11.16503657,-0.101456842,,-2.714302864,0.6,,,2,,-2.7,,
1/9/2000,32.7,,,,,,,-2.3,-2.7,-2.8,1.1,-5.510007272,,12.05805149,,-4.966374724,,-0.057378834,-5.681540254,-10.18021964,0.006116437,,-2.035978966,0.1,,,1.7,,-2.1,,
1/10/2000,30.9,,,,,,,-1.6,-2.5,-0.4,2.4,-2.83252634,,13.75808371,,-0.936185391,,1.781698605,-3.661884922,-5.998849604,1.100727181,,-0.207553778,0.3,,,1.8,,-1,,
1/11/2000,32.6,,,,,,,-1,-1.4,-2.3,2.5,-4.942957571,,11.52964659,,-4.547917056,,-0.250184548,-5.571205596,-10.0608589,-3.644127199,,-5.077319405,0.1,,,0.1,,-3.5,,
1/12/2000,25.1,,,,,,,-1.4,-1.5,-3.5,3.3,1.984359921,,12.3944062,,0.074101504,,1.691586419,0.518871611,-5.938667057,0.267804179,,-1.116550546,0.2,,,2.8,,-3.1,,
1/1/2001,25.7,,,,,,,-1,-1.1,-2.8,3.8,1.342757652,,7.645004422,,-2.913106292,,2.747823427,-3.585573014,-9.994168921,-0.208851165,,-1.542000038,0.1,,,0.4,,-3,,
1/2/2001,27.4,,,,,,,-2,-2.6,-2.6,1.6,-4.939711433,,6.603265416,,-5.699539538,,1.771857063,-6.721230619,-9.470290676,-0.909147093,,-1.805878363,-0.25,,,0.4,,-2.7,,
1/3/2001,24.4,,,,,,,-2.5,-2.7,-1,2.2,-3.80554371,,8.050647142,,-2.819814063,,1.981028668,-5.34857781,-6.770733151,0.293945815,,-1.875565322,0.45,,,2.4,,-1.1,,
1/4/2001,25.7,,,,,,,-2,-1.8,-1.5,1.7,-5.126397434,,7.094257258,,-3.631153084,,1.931765454,-8.795711675,-8.787962109,2.371467141,,-1.120412689,0.3,,,2.3,,-1.5,,
1/5/2001,28.5,,,,,,,-1.5,-1.9,-2.9,0.5,-7.30994212,,6.111689378,,-6.306016613,,1.727960052,-10.44739062,-10.37913858,-1.26580863,,-3.5893865,0.3,,,0.5,,-2.6,,
1/6/2001,27.8,,,,,,,-1.9,-2.3,-2.2,0.2,-8.62040851,,6.019245754,,-7.413467876,,-0.262570316,-9.614181116,-9.593395398,-0.824989944,,-2.422852115,0.3,,,0.3,,-2,,
1/7/2001,24.6,0.2,,,,,,-1.2,-1.5,-1.1,1.7,-7.688188759,,6.96174724,,-4.303826039,,-1.972738649,-10.60874119,-6.999996957,0.274627567,,-0.155987522,0.5,,,1.2,,-0.9,0.023,
1/8/2001,25.7,0,,,,,,-0.9,-1.2,-1.2,1.1,-8.892183106,,6.025921391,,-5.383422082,,-3.002610147,-12.11985666,-7.137710629,0.68358202,,-1.089757518,0.5,,,-0.4,,-1.4,0.131,
1/9/2001,25.6,0.1,,,,,,-1.4,-0.8,-1.5,0.9,-8.163554816,,7.508191036,,-4.064722521,,-1.43000723,-7.077023884,-6.03105237,0.767981053,,-2.330804021,0.3,,,0.3,,-1.3,-0.046,
1/10/2001,20.5,0,,,,,,-0.7,-0.8,-0.9,1.6,-4.261116237,,7.430442937,,-2.487830866,,-0.468893698,-2.991156072,-4.119468078,-0.124341852,,-2.312718303,0.2,,,1.1,,-0.7,0.106,
1/11/2001,19,0.2,,,,,,-0.6,-0.9,-1.3,0.8,-5.586020147,,5.134980928,,-3.159722442,,-2.226592679,-5.011164306,-4.556122296,-1.010790359,,-2.805567754,0.2,,,1.1,,-1.3,0.169,
1/12/2001,18.7,0.2,,,,,,-0.5,-0.2,-0.9,0.8,-4.356164373,,5.145196016,,-0.634635006,,-1.387765242,-5.006871015,-3.958033286,0.076343926,,-1.325229142,0.2,,,0.9,,-0.7,0.07,
1/1/2002,19.5,0.2,,,,-5.7,,-1,-1.1,-1,0.6,-3.01183957,,4.426428038,,0.259224364,,-0.781563089,-5.046159137,-4.063901744,1.000838375,,-1.096355724,-2.05,-2.7,,0.6,,-1,0.164,
1/2/2002,20.2,0.1,,,,-5,,-1.2,-1.4,-1.2,0.8,-5.386947925,,3.830265416,,-2.825694686,,0.2585901,-6.218976116,-4.625555599,0.619270321,,-0.490796211,-1.75,-2.6,,-0.1,,-1.2,-0.03,
1/3/2002,23.7,0,,,,-4.4,,-1.3,-1.7,-0.8,1,-7.622034344,,3.405847032,,-3.336164306,,0.486717252,-7.890520752,-5.658874026,0.829064631,,-0.582839442,-2.75,-3.45,,-0.2,,-0.7,-0.35,
1/4/2002,25.7,0,,,,-3.6,,-1.6,-1.7,-1.1,1,-8.66905478,,3.026994596,,-3.033597221,,-0.262057589,-9.154923649,-5.506731375,-0.556353709,,-1.58522793,-2.65,-3.15,,0.2,,-1.1,-0.548,
1/5/2002,25.3,-0.2,,,,-3,,-1.3,-1.5,-0.6,1.2,-8.836163563,,3.999114403,,-2.674989445,,-1.102651255,-9.820127336,-4.055178289,0.300167776,,-0.856904831,-2.65,-3.65,,0.6,,-0.5,-0.326,
1/6/2002,24.1,0,,,,-2.7,,-1,-1.2,-0.2,1.5,-7.812793461,,4.214446758,,-1.312804484,,-0.793037542,-10.03871359,-3.983438849,1.050158447,,-0.519121276,-2.65,-3.4,,0.8,,-0.1,-0.112,
1/7/2002,25.8,0.1,,,,-3.3,,-1,-1,-1.1,1.2,-9.30077202,,3.613953537,,-2.786975259,,-0.859110364,-10.39709152,-4.497405103,1.379249726,,0.153004301,-2.55,-3.2,,0.6,,-1.1,0.155,
1/8/2002,26.7,0.3,,,,-3.6,,-0.8,-1,-1.4,1.3,-8.634610059,,4.221781916,,-2.780521796,,-0.663006624,-9.163192675,-4.811335321,0.779437834,,-0.653754372,-2.3,-3.25,,0.7,,-1.4,0.259,
1/9/2002,28.4,0.2,,,,-3.7,,-1.5,-1.4,-1.6,1.2,-7.765495954,,6.260317107,,-1.353988801,,0.324565125,-6.613241787,-3.954741917,0.268592297,,-1.139868107,-2.25,-3.25,,-0.2,,-1.5,0.06,
1/10/2002,27.6,0.2,,,,-4,,-1.5,-1.6,-1.3,1.5,-5.596779987,,6.134270571,,-1.350053806,,-0.487651739,-4.600899697,-4.956819116,0.014318459,,-1.365993699,-2.25,-3.25,,0.3,,-1.1,0.136,
1/11/2002,24.1,0.1,,,,-4.5,,-1.3,-1.2,-0.8,2.1,-2.36870735,,6.468996912,,-0.506302576,,0.535972509,-1.453243279,-5.34683096,0.107798876,,-1.20768248,-2.7,-3.75,,2.8,,-0.7,0.02,
1/12/2002,28.7,0.5,,,,-5.7,,-1,-0.9,-2.9,1.4,-2.704816865,,5.131563168,,-2.587313811,,0.791087319,-5.566637894,-8.490135347,-1.438998935,,-2.661814303,-2.35,-3.65,,1.6,,-2.5,0.856,
1/1/2003,31.3,0.5,,,,-3.6,,-1.8,-2.4,-3.3,2.2,-3.306431174,,5.322803007,,-0.328055684,,3.063619964,-6.908623813,-5.090942291,0.789729849,,-0.008901787,-2.35,-4.05,,0.6,,-2.8,0.739,
1/2/2003,32.7,0.2,,,,-5,,-1.8,-2.3,-2.7,3.1,-0.8609074,,11.54907263,,0.166673849,,4.829030868,-6.287688919,-6.429459561,5.838688531,,4.710542739,-1.35,-3.15,,1.3,,-2.3,0.468,
1/3/2003,30.5,0.5,,,,-6.6,,-2.7,-2,-3.2,2.9,-5.098055711,,11.51777193,,-0.680158153,,4.128358494,-7.221708618,-8.118914265,5.542171715,,2.343003705,-2.5,-4.2,,0.8,,-2.8,0.645,
1/4/2003,24.9,0.4,,,,-4.5,,-2.5,-2.2,-1.4,3.1,-7.498606642,,6.072302635,,-1.219632115,,0.400374912,-8.920618459,-5.765998475,2.844997568,,0.741229192,-1.8,-5.05,,2.8,,-0.8,0.222,
1/5/2003,25.7,0.3,,,,-3.9,,-1.9,-1.9,-1.4,2.5,-8.463624795,,4.799697307,,-2.093604338,,-1.717085904,-11.16526927,-5.252969508,1.508368067,,0.305275528,-3.5,-5.45,,1,,-1.2,0.311,
1/6/2003,27.5,0.4,,,,-4.1,,-1.8,-2.4,-2,2.7,-6.825916396,,4.072309509,,-0.656555433,,0.119593199,-10.24725361,-5.504820407,0.796112787,,-0.54003058,-3.4,-4.65,,-0.4,,-1.8,0.326,
1/7/2003,28.4,0.2,,,,-3.3,,-1.2,-1.5,-1.6,2.1,-8.146434578,,4.856751983,,0.853233743,,-0.094496784,-9.101458241,-3.563515035,0.153750676,,-1.934010766,-2.45,-3.5,,0.2,,-1.5,0.114,
1/8/2003,29.8,0.3,,,,-3.9,,-1.1,-1,-2.1,1.8,-9.130707946,,5.235929071,,-0.606311087,,0.222153451,-10.10770015,-5.449089958,0.021013334,,-2.541076009,-2.55,-3.3,,0.9,,-1.8,0.214,
1/9/2003,27.1,0.3,-1.3,,,-5,,-1.4,-1.4,-1.7,1.5,-7.084134335,,5.438310409,,-1.825401708,,0.895273031,-7.089473553,-4.953627558,1.530235491,,-0.093610724,-2.1,-3.1,,2.4,,-1.1,0.186,
1/10/2003,29.7,0.4,-2.4,,,-5.5,,-1.7,-1.7,-2.4,1.2,-7.235504409,,6.445424141,,-3.283636689,,0.878125453,-7.301896428,-6.483513323,0.755568412,,-0.536705613,-1.8,-3.2,,2.1,,-1.8,0.502,
1/11/2003,28.7,0.2,-1.2,,,-4.5,,-1.4,-1.1,-1.1,2.4,-4.629963587,,9.206794978,,-2.812167721,,3.323999444,-5.107645654,-5.591935659,0.920869685,,-0.406147961,-1.95,-3.3,,1.9,,-0.8,0.13,
1/12/2003,29.9,0.1,-0.5,,,-5.3,,-1.9,-1.5,-1.8,2.7,-5.219681318,,10.0285873,,-5.602257734,,3.846998114,-5.109027953,-9.990115664,-0.925226195,,-3.36199595,-2.5,-4.2,,1.5,,-1.4,0.253,
1/1/2004,31.2,0.2,-1,,,-5.6,,-2.7,-2.4,-2.3,3.9,-4.693917562,,10.38215685,,-5.956429485,,5.41621802,-5.103257635,-9.990192013,0.761120783,,-0.902171089,-2.2,-4.05,,2.4,,-1.9,0.375,
1/2/2004,30.8,0.2,-1.7,,,-6,,-3.3,-3.2,-2.2,3.6,-6.994424041,,9.412049905,,-6.861493041,,3.665943826,-7.137337118,-9.891225626,0.067570292,,-3.736305901,-3,-5.95,,4.1,,-2.1,0.364,
1/3/2004,33.8,0.6,-1.7,,,-6.6,,-2.9,-3.5,-2.9,3.1,-8.593992884,,6.879706874,,-8.742326737,,2.615666925,-9.86054833,-11.63376365,-1.834214951,,-5.038174152,-3,-5.75,,1.9,,-2.6,0.683,
1/4/2004,33.2,0.7,-2.1,,,-5.5,,-3.4,-3.1,-1.6,3,-8.32225582,,10.98791265,,-7.346185966,,3.800101881,-10.33692087,-9.832817874,-2.494676874,,-3.894997699,-3.2,-5.65,,2.2,,-1.5,0.134,
1/5/2004,37.8,0.7,-1.9,,,-6,,-2.8,-2.7,-3.1,2.2,-10.3277339,,11.26863561,,-8.213650543,,3.823821177,-12.03001231,-11.9722572,1.68568343,,-3.879284819,-3.3,-6.15,,1.9,,-2.9,0.347,
1/6/2004,35,0.1,-1.8,,,-5.8,,-3.2,-2.6,-1.6,2.8,-8.823644194,,11.02983471,,-6.289495349,,3.924258267,-10.45388553,-11.11808603,0.292188971,,-2.061401899,-3.6,-6.75,,3.1,,-1.3,-0.125,
1/7/2004,38.3,0.4,-2.5,,,-7.7,,-2.9,-3.1,-3.7,2.6,-9.829137182,,12.30684795,,-9.901975616,,3.310731115,-12.13389977,-13.28123155,-0.851171273,,-4.098863702,-3.05,-6.25,,2.9,,-3.2,0.435,
1/8/2004,43,0.9,-4.3,,,-10.5,,-4.6,-4.2,-4.5,2,-10.07517299,,12.78640727,,-15.59822071,,3.636607847,-11.55769595,-17.90492182,0.733803482,,-4.354686276,-4.05,-7.55,,4.4,,-4.3,1.007,
1/9/2004,43.3,0.6,-4.4,,,-9.9,,-5.4,-5.1,-7.7,3.1,-9.914913683,,15.33333338,,-15.97341894,,3.453691223,-8.265095216,-18.46114023,1.943375957,,-3.703927275,-3.05,-7.25,,4.8,,-6.7,0.211,
1/10/2004,49.6,0.6,-7,,,-10.5,,-7.6,-7.3,-12.1,4,-12.21950908,,16.02448536,,-17.86802094,,2.39631204,-11.85593374,-23.12080474,-2.339436547,,-10.34252207,-5.05,-9.5,,3.3,,-9.9,0.084,
1/11/2004,42.8,-0.6,-3.3,,,-11.5,,-5.4,-4.6,-8,5.3,-8.527305297,,18.03459992,,-13.70822168,,5.225351148,-7.468360326,-20.83650077,-2.645557301,,-11.41564172,-6.05,-11.8,,4.2,,-6.2,-0.659,
1/12/2004,39.5,-0.8,-4,,,-13.2,,-5.3,-3.4,-5.3,3.4,-7.356927752,,15.07612358,,-11.91839093,,3.172932485,-8.141715468,-18.10055349,-5.718590195,,-10.47893782,-7.05,-13.8,,-0.5,,-4.1,0.055,
1/1/2005,44.2,0.3,-4.5,,,-14.2,,-5.1,-4,-6.3,2.4,-14.16487769,,11.66964172,,-13.82677357,,-0.624433233,-14.70557948,-20.18585548,-4.062812857,,-7.843960839,-6.6,-12.7,,2.1,,-5,0.21,
1/2/2005,45.4,0.2,-3.9,,,-14.3,,-4.4,-4.4,-5.5,2.3,-14.97046104,,13.74099889,,-13.89146311,,1.004876696,-14.35769675,-19.18557076,-2.496978233,,-4.579708924,-6.6,-11.3,,4.8,,-4.3,-0.197,
1/3/2005,52.9,0.4,-5.7,,,-16.2,,-5.7,-4.8,-7.1,1.6,-17.42655459,,17.28899596,,-15.07101517,,0.319647676,-18.42243488,-21.84536349,-0.584060507,,-5.897790683,-5.5,-10.65,,4.2,,-5.7,0.017,
1/4/2005,51.8,0,-5.4,,,-17,,-4.1,-4,-4.6,1.6,-18.32552579,,21.25085142,,-10.91415599,,0.660820224,-20.74190346,-16.27182102,1.582047123,,-3.245976073,-4.95,-10.35,,5.9,,-3.6,-0.514,
1/5/2005,48.6,0.3,-3.8,,,-9.8,,-3.4,-2.8,-3.2,2,-17.80558447,,17.28733717,,-10.18728099,,-1.979918596,-19.73304229,-13.88576104,2.417746733,,-0.968005496,-6.75,-12.25,,2.2,,-2.1,-0.379,
1/6/2005,54.4,0.5,-3.2,,,-11.5,,-3.3,-2.7,-3.3,2.3,-22.49854471,,18.53402199,,-12.85126368,,-5.701992365,-22.02335427,-18.50271163,0.305267113,,-2.074620861,-5.45,-10.25,,1.5,,-2.4,0.083,
1/7/2005,57.6,0.8,-4.4,,,-13.4,,-3.1,-2.6,-4.8,1.5,-24.56898516,,17.10918551,,-13.82039512,,-5.533837862,-24.12523679,-19.81884718,-3.73456169,,-5.876523479,-4.8,-9.55,,2.1,,-4.1,0.409,
1/8/2005,64.1,1.8,-6.4,,,-16,,-5.8,-5.5,-7.5,1.5,-27.86901433,,16.7420277,,-18.30807597,,-5.284583837,-25.93683634,-23.72414923,-2.055056785,,-5.004334243,-5.8,-11.25,,3.1,,-6.6,0.533,
1/9/2005,62.9,2.2,-3,,,-12.5,,-4.5,-4.5,-6.4,4.4,-20.64069517,,22.45752731,,-10.99767307,,0.560520275,-18.17931551,-19.84887047,1.178316854,,-2.943754306,-4.9,-10.25,,4.7,,-4.6,0.131,
1/10/2005,58.6,1.5,-3.2,,,-12.2,,-3.8,-3,-4.6,4.2,-14.5750936,,24.32570566,,-7.892559401,,2.158281953,-12.91756293,-17.48866372,-1.832681585,,-7.659368638,-6.8,-13,,3.3,,-3.4,0.725,
1/11/2005,55.2,1,-3.7,,,-14.3,,-3.7,-3,-3.8,3.4,-14.52840144,,16.19937034,,-8.677174888,,-1.921739812,-15.72082687,-16.75179105,-4.322064717,,-7.813005365,-6.3,-12.55,,3.2,,-2.6,0.564,
1/12/2005,56.9,0.6,-5.1,,,-14.5,,-3.5,-2.4,-3.7,2.9,-10.43077579,,14.65862755,,-8.630826744,,-1.415143341,-13.65566366,-18.66898477,-7.178522037,,-9.670172706,-5.9,-11.75,,5.1,,-2.7,0.814,
1/1/2006,63,0.6,-4.7,,,-15.1,,-3.6,-3.5,-4.6,3,-14.60034776,,15.30612235,,-11.99419026,,-0.68165588,-16.81434363,-19.77692471,-4.579640387,,-8.142898072,-5.3,-9.9,,6.1,,-3.8,0.805,
1/2/2006,60.1,0.9,-6.7,1.5,,-14.1,,-3,-3.1,-2.5,2.1,-17.68068912,,16.95724094,,-7.423495176,,-1.688409344,-18.89447142,-14.94457867,-1.261162858,,-6.178721435,-6.05,-11.3,,6.6,,-1.5,0.191,
1/3/2006,62.1,1.1,-7.1,0.9,,-13.1,,-4.2,-4,-4.3,2.2,-23.40696129,,16.50053512,,-11.8228286,,-3.383412487,-24.65479078,-16.76070056,0.871347864,,-0.593858208,-5.35,-10.3,,4.7,,-2.9,0.565,
1/4/2006,70.3,1.7,-6.8,-0.1,,-14.9,,-5.4,-5.4,-6.2,1.1,-30.30899628,,15.95592864,,-18.39348596,,-4.539463571,-32.23147083,-21.21668613,-0.713796138,,-4.778013668,-5.8,-10.55,,3.9,,-4.8,0.661,
1/5/2006,69.8,1.3,-5.9,1.2,,-14.6,,-4.8,-4.8,-4.8,2.7,-29.12669215,,18.80238052,,-17.89931805,,-2.864125598,-31.16952351,-20.15439114,2.102154733,,-5.387375017,-6.4,-11.25,,4.2,,-3.5,0.302,
1/6/2006,68.7,0.7,-5,2.3,,-15.2,,-4.3,-4.2,-3.5,3.1,-26.39112141,,19.8742679,,-18.21790458,,-0.279065376,-27.50167883,-22.61637198,4.660790162,,-2.380259618,-6.85,-12.3,-0.7,4.4,,-2.5,0.045,
1/7/2006,73.7,1.5,-6,0.8,,-15.6,,-4.5,-4.5,-4.5,2.7,-30.17008111,,17.41630536,,-20.92851446,,-2.04532311,-29.66294011,-25.06708147,-0.619077441,,-7.533963731,-6.25,-11.85,-0.8,4.5,,-3.4,0.415,
1/8/2006,73.1,1.7,-7.8,0,,-14.3,,-4.1,-4.6,-4.3,1.9,-29.74492765,,20.27100721,,-19.99042646,,-4.097668424,-28.54306186,-25.28920672,-2.03720328,,-5.269460452,-6.15,-12.05,-0.5,5.4,,-3.1,0.596,
1/9/2006,61.7,0.6,-6.1,2.4,,-12,,-2.5,-2.2,-1.9,2.2,-21.75586643,,19.08647625,,-17.46676103,,-3.517034271,-19.56695641,-19.91489166,-0.977462843,,-4.259278896,-5.75,-10.95,0.7,7.3,,-0.7,0.684,
1/10/2006,57.8,1.3,-6,1.5,,-11.4,,-2.5,-2.1,-1.4,1.7,-20.77952445,,17.58833613,,-15.45453136,,-1.287315199,-17.24496191,-17.7792961,-1.683098325,,-6.475745654,-5.55,-10.5,0,4.9,,-0.4,0.424,
1/11/2006,58.9,1.7,-5.9,0.6,,-12.5,,-3.4,-3,-2.2,2.6,-20.63659127,,16.33328455,,-16.8591693,,-1.655898726,-19.85350591,-19.078961,-6.399909209,,-7.589853196,-5.05,-8.7,-0.3,2.8,,-1.6,0.745,
1/12/2006,62.3,2.3,-7.1,-0.2,,-14.4,,-4.8,-4.4,-3.6,2.3,-21.93783235,,17.21806527,,-20.74153431,,-1.549920547,-23.30263825,-23.31382107,-3.283687342,,-5.838889348,-5.55,-8.7,-1.4,3.2,,-3,1.043,
1/1/2007,53.7,2.2,-5.5,1,,-12.2,,-3.8,-3.6,-2,3,-15.80029195,,18.20466638,,-15.88475906,,2.777355274,-17.77843366,-19.0972654,-0.059713436,,-1.329977928,-5.65,-9.4,-0.5,5.2,,-1.5,0.876,
1/2/2007,57.4,2.3,-4,2,,-11.1,,-3.1,-3.6,-1.7,4.1,-16.50637471,,17.93665957,,-16.61122244,,3.923611235,-17.49697768,-18.55226784,0.043850014,,-1.66283208,-6.05,-9.05,0.5,6.7,,-1.5,1.4,
1/3/2007,62.1,2.2,-4.5,-1.3,,-13.9,,-3.3,-3.3,-3.3,2.5,-19.78818716,,16.45387592,,-18.58923893,,5.070345333,-18.91967431,-20.91005176,0.608494885,,-0.489409236,-4.65,-7.85,-0.6,5.7,,-3,1.491,
1/4/2007,67.5,2.7,-5.5,-3.4,,-14.8,,-3.8,-3.6,-3.5,1.7,-23.74280289,,15.81474571,,-17.95670572,,5.447967848,-24.28723366,-20.07801052,-1.713487403,,-2.767249955,-4.85,-8.3,-0.9,7.2,,-3.1,1.062,
1/5/2007,67.2,2.8,-7.1,-3.6,,-12.9,,-3.3,-3.1,-2.6,1.9,-21.59235981,,17.91727798,,-14.84828198,,8.943976399,-22.80103503,-18.61580667,1.132331376,,-2.420636138,-3.8,-7.2,-0.2,7.9,,-2.2,2.186,
1/6/2007,71.5,2.2,-7.1,-4,,-12.7,,-4,-3.7,-5.8,1.7,-25.17559589,,16.6727577,,-16.24470034,,2.722809206,-25.1905118,-21.10068203,3.617936623,,-0.259634076,-4.4,-7.4,-0.8,3.6,,-5.5,1.857,
1/7/2007,77,2.8,-7.4,-3,,-13.4,,-3.1,-3.1,-7.5,1.5,-28.92446821,,14.17770069,,-15.64083497,,-0.82783244,-29.5331391,-21.36722583,-0.481334447,,-2.749459726,-2.7,-6.3,-0.7,2.6,,-6.9,1.855,
1/8/2007,70.7,2.9,-4.1,1.6,,-10.2,,-1.9,-1.5,-3.4,2.6,-23.2808602,,17.34182523,,-11.89614076,,1.118652851,-21.47976388,-16.85368367,0.671083938,,-1.221735923,-3.2,-6.6,1.5,5.6,,-2.4,1.28,
1/9/2007,76.9,2.9,-4.5,2.4,,-11.8,,-3.3,-3.1,-3.5,3.2,-25.15062764,,17.72522346,,-14.85581978,,0.483114016,-23.59620321,-19.23837699,1.807821377,,-0.077845386,-2,-4.55,0.1,5.3,,-3.3,2.145,
1/10/2007,82.5,2.4,-7.8,3.1,-10.3,-11.9,,-3.1,-3,-5.4,3.8,-24.72717051,,19.35378189,15.66651307,-14.86236084,,0.504905209,-22.20767849,-17.98640885,-0.791063186,,-4.015459811,-2.45,-5.55,-0.6,4.7,,-4.9,1.837,
1/11/2007,92.6,2.2,-6.9,2.1,-11.9,-13.4,,-2.9,-2.4,-5.7,3.4,-26.05047199,,24.42333584,22.21691737,-14.00181186,29.17823187,-0.742973,-28.16836193,-19.39969444,-4.479624477,,-6.749393326,-3.35,-6.75,-1.1,4.6,,-5.5,1.466,
1/12/2007,91,2.2,-6.2,0.7,-14.2,-13.8,,-3.2,-2.2,-5.4,4.3,-23.16731793,,21.19016484,19.94724232,-13.50559962,21.94069446,1.970498702,-26.09456557,-22.66119303,-2.536207626,,-3.827583302,-2.1,-5.55,-0.6,4.7,,-4.5,1.799,
1/1/2008,92,2.4,-5.9,0.7,-14.6,-13.6,,-2.6,-2.7,-4.6,4.1,-26.93098635,,18.75646093,17.65292122,-15.16210659,19.39129267,0.046912028,-30.31187225,-23.92626021,-0.139477557,,-3.393744262,-2.9,-7.85,-0.5,5.4,,-3.5,2.239,
1/2/2008,95,3.2,-6,0.3,-16.5,-16.2,,-3.4,-3.8,-5,3.4,-33.06196629,,22.67838979,21.44935161,-19.32383852,24.01190476,-2.39177128,-33.56164933,-27.71165125,2.321958896,,-0.485491825,-3.15,-7.9,0.2,5.9,,-4.4,2.436,1.5
1/3/2008,103.7,3.4,-6,1.7,-17.6,-17.5,,-4.2,-4.7,-6.9,3.8,-39.98244453,,31.11414237,25.99925592,-22.62400145,32.28494462,-7.580788442,-40.93333389,-30.72906461,1.295131824,,-0.406040401,-1.75,-6.35,0.2,5.4,,-5.8,2.743,0.5
1/4/2008,109,3.5,-5.1,3.4,-19.2,-17.3,,-3.3,-3.2,-5.6,6.2,-44.48428454,,37.96702855,30.65166943,-21.22173386,36.51888869,-8.555497522,-45.9935036,-32.66192335,2.193072159,,-2.800090594,-3.25,-8.45,0.8,7.6,,-4.9,2.461,0.333333333
1/5/2008,122.7,4,-3.5,3.1,-22.9,-19.3,,-3.8,-3.9,-3.2,6,-53.17788389,,41.07137404,37.59538209,-26.34542385,42.87206459,-13.30098544,-55.3847608,-39.8089992,2.590537381,,-2.802834433,-3.95,-9.3,1,8.4,,-2.9,1.698,-4
1/6/2008,132.4,4.6,-4.5,1.6,-22.6,-18.5,,-4.1,-4.7,-4.6,5.5,-59.71505202,,35.76426755,33.52916771,-25.42465112,37.66154444,-10.98330685,-59.80827647,-39.55457065,2.04642685,,-2.64040594,-4.85,-11.15,1.8,8.3,,-4.1,2.471,-3.5
1/7/2008,133.2,3.9,-4.6,0.8,-16.1,-12.1,,-3.1,-3.1,-1.9,4,-58.87545061,,39.31611874,32.56489943,-15.47911448,35.62857842,-12.79072496,-55.92355929,-28.48705938,0.185027732,,-2.886874269,-5.75,-13.05,2,11.5,,-0.4,2.946,-1.5
1/8/2008,113,2.1,-2,3.7,-7.2,-6.2,,-1.4,-0.9,-0.2,6.4,-48.43081348,,31.84960116,26.73888894,-10.99486286,28.85223596,-6.727786165,-46.24936141,-17.09226894,2.026645385,,-1.546160654,-5.25,-11.55,1.4,11.4,,0.3,1.719,-1.32
1/9/2008,98.1,3.2,0,5.4,-5.6,-6.6,,-0.7,-0.5,-2.2,8.9,-37.45110878,,33.42712102,30.3160153,-10.70520718,32.81091867,-3.932710588,-34.10519862,-13.82672039,2.220206038,,-1.575616667,-4.65,-9.75,1.3,8.4,,-2,1.227,-0.375
1/10/2008,71.9,3.4,-1.8,4.9,-8.4,-8.8,,-0.8,-1.4,-4.4,6.9,-30.07298134,5.871626066,27.55747215,27.39471462,-7.167652016,30.15625852,-13.05225831,-26.87595026,-15.7872263,-2.622472803,,-6.005652488,-4.55,-9,1.3,5.7,,-3.9,2.381,1.3
1/11/2008,52.5,2.1,-1.9,4.7,-12.7,-12.9,,-1.4,-0.7,-2.7,4.2,-25.49497063,0.860826335,28.49536078,26.77778266,-5.917669223,29.63799483,-18.43909066,-25.21697533,-19.94331666,-4.707745878,,-7.410595169,-4.45,-9.2,1,4.2,,-2.5,2.123,-0.625
1/12/2008,40.3,1.8,-1.5,2.1,-8.5,-8.4,,-0.5,-0.3,0.2,3.6,-13.15266658,1.097914243,21.74240499,21.25395887,-2.530987836,24.28552688,-11.36936645,-15.66875387,-12.72613209,-3.583551584,,-6.857469658,-4.15,-9.2,1,4.6,,0.6,0.574,-2.5
1/1/2009,43.6,2.1,-2.1,-1.6,-5.4,-6.4,,-0.4,-0.5,0.5,3.6,-5.710833274,3.788769973,18.77080998,18.30254007,-4.264229077,20.71962077,-4.549400849,-11.69787677,-9.444440427,-2.219030557,,-6.155378415,-5.65,-9.3,1.8,3.8,,0.9,2.167,-1.18
1/2/2009,43.1,3.1,0.3,-3.9,-3.6,-5.8,,-0.4,-0.8,0,2.6,-3.304925607,7.715842831,12.07780674,11.03064455,-3.879742211,14.15438566,1.172213571,-9.330767424,-7.170645771,-0.95255713,,-4.346034134,-5.45,-8.3,0.9,4.6,,0.5,1.923,0.25
1/3/2009,46.5,1.7,-0.2,1.6,-4.8,-5.6,,-1.5,-0.9,-1,3.5,-17.49874315,7.449201342,9.181794775,8.267486663,-6.490103303,11.48720907,-2.232229245,-18.35657756,-9.86150668,3.29138783,,-0.561959792,-3.75,-5.25,0.7,3.6,,-0.7,0.781,-0.4
1/4/2009,50.3,0.5,-2.4,-0.3,-3.8,-4.3,,-1.5,-1.4,-0.2,2,-22.1231626,9.091257294,9.898908571,8.693217342,-5.511738315,11.5207745,-3.056897057,-22.20503061,-8.779978307,2.757253662,,-1.729689826,-2.45,-3.7,-0.1,2.3,,-0.2,0.389,-0.825
1/5/2009,57.5,1.2,-0.2,1.8,-2.4,-1.5,,-0.3,-0.4,0.4,2.8,-27.38918373,15.15932414,8.25019647,5.869022745,-4.039796209,8.831225485,-4.374192489,-23.68630868,-7.055362149,3.044790556,,-0.328282711,-4.05,-5.8,0.9,2.7,,0.5,0.683,-0.6
1/6/2009,68.6,1.5,-1.7,1.2,-5.2,-5.5,,-0.2,-0.2,0.9,2.6,-31.27271392,13.88737593,10.14186485,6.552322015,-6.93804994,9.570621025,-5.29524598,-27.75594878,-10.17938133,1.839638612,,-1.322588227,-2.8,-4.3,0.2,3.8,,0.9,0.943,-0.375
1/7/2009,64.6,0.9,-1.8,-0.2,-3.2,-4.9,,-0.2,0.2,0.2,2.2,-26.84945627,10.90837537,8.879913209,7.125453611,-3.964811833,8.803981878,-2.728154955,-24.37252324,-5.76080492,1.818684459,,0.317319868,-1.7,-3.15,0.5,4,-1.1,0.5,0.714,-0.8
1/8/2009,72.8,1.5,-2.3,-1.7,-4.5,-6.3,,-0.8,-0.6,-1.5,1.5,-30.18029515,10.88444525,7.821609451,7.192159674,-3.851283862,9.436591756,-1.477982149,-26.6303082,-7.133906164,2.655599061,,0.67548969,-1.6,-3.2,0.7,3.6,-1.4,-1.3,0.783,-1.4
1/9/2009,67.4,1.5,-1.5,2,-4.5,-4.1,,-0.1,-0.3,0.3,2.8,-23.81167758,8.24169248,9.865681385,7.104740347,-1.295132705,9.547761942,-1.049220851,-20.52983804,-4.910980899,2.927530833,,-0.121289741,-2.3,-3.65,0.8,2.4,-0.8,0.8,0.828,-0.375
1/10/2009,72.8,1.2,-0.7,3.1,-4.9,-4.7,,-0.1,-0.1,2.6,3.7,-25.67596853,8.313332061,10.47615038,9.228736038,-3.186184205,11.66412796,-3.062565477,-24.56185164,-6.383127049,3.332927131,,1.927675599,-1.8,-3.2,1,2.7,-0.8,0.6,0.95,-0.7
1/11/2009,76.7,1.3,-0.7,1.4,-5.1,-5,,-0.4,-0.3,1.1,3,-23.92586438,8.039013483,9.198064209,7.211788991,-2.299195643,9.038986904,-1.529675036,-24.71640769,-6.310689985,4.28020297,,2.795981859,-1.6,-2.8,0.9,3.6,-1.1,1.2,0.764,-0.4875
1/12/2009,74.3,1.1,-0.9,0.6,-5.6,-6.1,,-0.5,-0.4,1.1,3.1,-20.60500392,6.86942255,10.49976699,8.05384561,-2.915693775,9.828706803,1.496320066,-21.57534881,-6.589158786,4.792910792,,3.209010451,-1.8,-3.45,0.9,3.3,-1.6,1.2,0.705,0.15
1/1/2010,76.2,1.5,0.2,2.2,-5.2,-5.4,0.1,-0.1,-0.1,0.5,4,-15.57624026,9.898720684,10.95302531,8.801656244,-2.562451255,10.47219152,3.283646115,-18.25737536,-5.614965949,4.510621169,,2.756072083,-2.3,-3.9,1.4,3.7,-1.4,0.8,1.088,0.9
1/2/2010,73.6,1.4,-0.2,2.7,-5.5,-5.5,0.5,-0.8,-0.8,-0.2,3.8,-19.16966347,10.93933548,10.67857454,8.641491507,-2.468454808,10.85547029,1.963246107,-20.62228681,-5.555599976,5.534923272,,3.595922693,-1.8,-3.65,0.9,3.5,-1.8,0.3,0.895,0.95
1/3/2010,78.9,1.4,-1.5,2.4,-8.4,-8.6,-0.9,-2.1,-1.9,-1.6,3.1,-23.72743267,14.1503045,11.04514152,10.82713392,-4.906116215,12.52317726,2.466122987,-23.56741088,-9.595275018,6.729409453,,4.197527072,-1.65,-3.1,0.7,2.7,-1.9,-1.2,0.652,0.6625
1/4/2010,84.9,1.1,-2.2,-0.3,-10.9,-11.5,-1.5,-2.2,-2.3,-1.3,3,-32.04129316,11.50803321,11.70703317,11.1605223,-6.066049703,13.80344135,-2.972486096,-31.06599594,-12.76161121,2.750792989,,-2.05089397,-2.3,-4.25,0.2,2.5,-3.3,-1.2,0.706,-0.9
1/5/2010,75.2,1.1,-0.1,-0.9,-8.6,-10.5,1.2,-1.3,-1.5,1.6,4.6,-26.52810922,11.48139929,14.07544138,12.38352066,-3.941616736,15.35691359,0.464456009,-25.59586475,-9.044474833,3.504614447,,-1.551551786,-3.75,-6.25,0.5,3.7,-2.6,1.9,0.383,-0.4375
1/6/2010,74.9,1.6,-0.3,0.7,-8.6,-9.4,-0.4,-0.5,-0.5,-0.9,4,-26.01773635,10.52088032,14.61402748,13.34422565,-4.98803585,15.36456331,-1.51748382,-24.85734623,-9.721860601,3.450223723,,-1.769751558,-3.55,-6.55,1.2,2.5,-2.5,-0.7,1.366,-0.6875
1/7/2010,75.6,1.6,-1.3,0.3,-9.1,-8.8,-2.2,-1.7,-1.8,-3.2,3.4,-28.37829875,8.51203373,11.84443955,10.21464302,-3.190948449,12.61341251,-5.78716124,-27.89065014,-10.39100449,4.165994885,,0.050498001,-2.15,-4.85,0.6,2,-3.4,-3,2.105,-1.38
1/8/2010,77.1,1.7,-2.8,-0.8,-8.4,-9.2,-1.9,-1.6,-1.7,-3.1,2.6,-26.64589058,7.39447156,12.12382679,10.40067294,-3.503302158,13.67532899,-3.211120942,-27.68169894,-9.566016481,3.797687827,,1.183591264,-1.4,-3.9,1,1.8,-2.8,-2.8,1.624,-1.6375
1/9/2010,77.8,1.4,-2.5,-2.1,-9,-10,-1.4,-0.5,-0.4,-2.7,2.3,-23.92493735,6.744001472,12.43448217,12.56718941,-6.289267249,15.19027131,-2.145643139,-22.38368299,-11.05487643,2.746544692,,-0.850406159,-2.4,-4.6,1.4,2.9,-2.3,-2.4,1.463,-1.725
1/10/2010,82.7,1.4,-2.4,-0.7,-9.2,-9.9,-0.9,-0.9,-1.2,-2.5,2.5,-21.82210948,8.616013654,13.64720159,13.0021638,-8.081113471,16.61659467,1.260428518,-20.59900474,-11.94198464,4.956480158,,0.928248963,-1.65,-4.15,1.2,3.7,-2.2,-2.3,0.926,-0.86
1/11/2010,85.3,1.6,-2.6,-1,-9.2,-10.8,0.2,-1,-0.6,-1.7,2.8,-16.24710223,7.655494628,13.63958822,12.09587149,-8.846461763,16.04651666,1.587580645,-12.997298,-12.29543901,4.486099482,,-0.313122124,-2.2,-5.25,0.8,4.7,-1.9,-1.5,0.89,-0.025
1/12/2010,91.4,1.7,-2.1,-2,-11.1,-12,0.6,-1.9,-1.7,-2.3,3,-13.17281843,8.57910983,13.97375135,11.32024363,-12.79477374,15.65376574,2.369059825,-21.83442341,-16.46245181,3.143805888,,-2.768111959,-2.5,-5.65,1.5,4.6,-2.5,-2.2,1.723,1.08
1/1/2011,96.5,1.7,-4.1,-6.9,-11.2,-14.7,-1.1,-2.7,-2.8,-4,1.3,-25.90004717,6.878163939,15.8108048,11.93449446,-14.63372898,16.12122354,-1.271897611,-29.96463307,-17.26719172,2.396570588,,-1.121136755,-2.25,-6,1.2,3.8,-2.7,-3.9,1.545,-0.35
1/2/2011,103.8,2.1,-3.4,-13.6,-10.9,-16.8,-0.7,-2.3,-2.3,-3.5,2.4,-38.21525568,4.656816737,18.62447966,13.90029589,-12.61803234,17.80455264,-5.69081257,-37.72582733,-16.19059151,4.091418426,,1.513316025,-3.05,-7.3,1.8,4,-2.5,-3.2,1.189,-2.566666667
1/3/2011,114.6,3.5,-3.1,-11.6,-14.7,-15.5,-1.4,-3.6,-3.1,-5.9,2.8,-43.03110551,5.940674474,20.28349595,16.01869092,-9.758462205,19.68664008,-5.429182183,-40.79760989,-20.43419505,5.135791274,,1.817068079,-4.2,-8.55,2.5,5.9,-2.3,-5.6,2.109,-2.575
1/4/2011,123.5,3.3,-4.9,-13.4,-16.1,-15.5,-2.2,-4.5,-4.1,-7.5,2.5,-47.20920834,9.417169709,18.41377834,13.10447326,-10.82316757,16.18976808,-6.182985328,-43.8605862,-23.21676139,5.097387771,,1.066573825,-3.4,-8.45,2.7,6.8,-3.9,-6.9,2.297,-2.8
1/5/2011,114.6,2.9,-5.5,-13.2,-12.5,-13.3,-1,-3.1,-3.6,-6.2,1.9,-44.24342226,13.97123153,16.78623519,11.10707939,-11.42567032,14.59078851,-4.840799626,-41.09684292,-19.06324249,6.726215518,,2.079845833,-4.5,-9.75,2.6,6.9,-4.9,-5.7,2.173,-2.25
1/6/2011,114,2.3,-6.1,-17.7,-11.9,-13.4,-3.2,-2.5,-2.4,-6.3,-0.9,-46.35067666,7.950602334,17.1432818,12.51414841,-7.196541414,16.62501672,-10.22035443,-45.85590909,-16.48299424,5.18677111,,0.61025311,-4.15,-9.6,3.2,5.3,-4.4,-6.1,2.139,-4.675
1/7/2011,116.9,1.9,-5.1,-19.6,-11.2,-14.2,-3,-1.8,-2,-6.9,-1,-48.07785975,10.457151,16.92097948,13.48100152,-7.027164886,16.96115013,-7.8955959,-45.59436048,-15.93356438,5.002967547,,0.683746367,-2.45,-6.8,2.3,4,-4.7,-6.5,2.017,-3.92
1/8/2011,110.4,3,-3.1,-24,-9.2,-14.5,-1,-1.1,-1.2,-5.4,-1.1,-44.03635831,11.66992306,17.86085519,15.77871054,-7.670080383,18.24687689,-5.783264497,-40.86316026,-13.04726907,3.75591327,,1.731822264,-3.1,-7.25,3.2,6,-4,-5,2.284,-2.325
1/9/2011,113.1,3.5,-3.3,-27.6,-9.9,-15.8,-2.5,-2.8,-2.7,-6.8,-0.5,-48.34089325,7.811040383,14.23456351,12.21534843,-10.75183633,16.19651229,-8.557730054,-42.43215829,-15.28051329,3.79434014,,1.531967352,-2.05,-6.05,1.6,6.6,-5.4,-6.5,3.075,-2.06
1/10/2011,109.4,2.8,-2.1,-23,-7.7,-9.7,-0.6,-1.3,-1.3,-5.5,2.4,-48.3249463,6.380408633,18.29021993,16.24023778,-7.052242493,22.20460822,-11.28615896,-42.95521815,-11.51788917,6.509580492,,4.303049919,-0.7,-5,1.6,6.1,-2.4,-4.7,2.505,-3.75
1/11/2011,110.7,1.9,-2.2,-13.5,-7.6,-4.3,1.9,-0.3,-0.1,-1.7,1.4,-47.65033192,0.756580275,21.42958374,20.68613551,-5.454484889,24.067607,-14.4851843,-46.3048489,-11.30671419,2.772333802,,1.155061864,-1.4,-5.4,3.1,6.6,-0.9,-1.3,1.895,-7.675
1/12/2011,107.8,2.1,-3,-9.3,-9.5,-3.6,2.8,-0.5,-0.5,-1.4,0.8,-43.59853848,2.748782789,17.47125759,16.89601218,-3.577377396,19.00485406,-10.30334614,-41.82947747,-12.11245565,-0.203479633,,-2.04592053,-1.25,-5.25,2.7,8,-1,-0.6,1.993,-6.11
1/1/2012,110.6,2.5,-2.2,-10.3,-5.9,-4.5,4.7,-0.7,-0.7,-0.8,0.2,-41.12731348,7.900204641,19.1058919,17.255776,-1.192078379,20.35647549,-4.951856356,-36.45015822,-6.239143351,5.982242288,,2.732084506,-0.35,-4.25,1.9,8,0,0.3,1.886,-3.8625
1/2/2012,119.6,2.3,-3.3,-17.1,-9.6,-10.9,2,-1.1,-1.1,-3.4,1,-39.10321419,8.631743794,15.73641949,15.45557594,-3.805043605,17.38668275,-5.329247577,-41.16160999,-11.87492305,5.996078419,,2.526582435,-1.75,-5.55,2.3,6.5,-1.3,-2.4,2.448,-3
1/3/2012,125.3,2.6,-4,-19.1,-12.3,-13.2,0.1,-3.4,-2.9,-2.9,2.1,-44.53255642,13.68128811,14.056396,12.64382216,-3.679096229,15.94594504,-6.440523814,-43.99863458,-15.10241183,8.558159466,,4.741792148,-0.85,-4.3,1.3,7.2,-1,-2.4,2.08,-3.5
1/4/2012,119.5,1.7,-3.7,-16.1,-10.4,-11,1.1,-2.8,-2,-2.2,3,-47.3526843,18.39353886,17.15300412,15.06836703,-1.152038024,18.71956566,-4.867701944,-42.21788175,-12.51165984,10.43269922,,5.701098737,-1.25,-4.6,3,7.3,0.2,-2.1,1.079,-3.875
1/5/2012,110.2,1.4,-5.3,-15.6,-8.9,-9.2,0.8,-1.9,-1.1,-2.9,-2.2,-54.13317473,13.10728137,17.95922289,15.53356633,-3.080434611,18.09660602,-12.49196329,-47.66080402,-11.51448071,6.916565318,,2.842443498,-3.85,-7.6,2.4,7,-0.7,-2.8,1.036,-5.45
1/6/2012,94.8,1.2,-2.9,-12.5,-6.9,-7.2,2.3,-1.2,-1.3,-0.4,0.1,-47.43754074,17.1123024,18.99906245,17.58148804,-0.306752144,20.52930339,-13.88193813,-48.04909311,-7.702394903,8.115345951,,3.858971721,-2.6,-6.65,1.8,5.4,-0.4,-0.3,0.784,-7.4
1/7/2012,102.6,0.6,-4.1,-14.7,-9.2,-10,-1.4,-0.3,0,-3.4,0.9,-43.47167456,15.62294882,18.91455167,17.00306118,-1.527876404,21.46031669,-10.77462711,-46.5506238,-10.8157106,7.562031912,,3.375861559,-2.65,-6.2,1.7,2.2,-0.9,-3.2,1.066,-5.375
1/8/2012,113.4,0.8,-6.3,-19.2,-11.8,-14.1,-2.4,-0.7,-0.3,-4.8,-1.6,-41.36932042,16.98781957,20.15320517,16.31591706,-2.372083216,21.51205674,-9.268364366,-44.81149127,-13.68295226,8.872216297,,5.718564601,-1.65,-5.5,1.2,2.6,-1.3,-4.5,1.314,-4.8
1/9/2012,112.9,1.1,-6,-18.1,-10.9,-12.3,1.6,-1.6,-0.9,-1.6,0.1,-35.70484984,20.29461863,23.61104943,19.63405724,-0.180374308,25.49379942,-5.402572581,-37.61166269,-12.25782411,9.259531892,,7.336802647,0.25,-3.7,2.2,4,-0.5,-1.6,0.689,-4.5
1/10/2012,111.6,1.4,-7.9,-22,-11,-15.4,0.3,-1.6,-1.3,-2.7,-1.4,-32.19308127,12.65297488,22.22320932,21.39769799,-8.243328428,26.54421162,-5.419844755,-34.32784005,-16.19774172,4.66860447,,0.034811661,-1.6,-6.4,1,4.5,-1.7,-2.7,1.354,-4.875
1/11/2012,109.1,1.6,-6.2,-22.3,-11.5,-18.1,-0.4,-1.1,-0.9,-1.9,-0.6,-28.86374422,6.908160277,19.87477692,17.1136374,-11.14557223,22.86488562,-5.550389827,-30.27329786,-18.10289459,-1.269140742,,-5.667331501,-1.75,-6.5,1.6,4.8,-1.9,-1.8,1.75,-4.3
1/12/2012,109.4,2.4,-5.4,-21.1,-11.3,-18,-0.2,-1.7,-1.1,-3,0.2,-33.53131297,5.691301168,19.28096812,15.85249784,-13.20068668,18.54453746,-4.718477674,-37.98371257,-19.5922653,-0.679250107,,-2.432077359,-0.2,-5.2,2,5.4,-3,-3,2.134,-3.625
1/1/2013,113,2.2,-5.1,-18.1,-10.7,-14.4,-1.8,-2,-1.4,-5.1,-0.4,-45.53549215,8.717854516,19.27211753,16.28726864,-10.28783159,18.1672203,-9.092314165,-43.85696571,-17.800823,2.351781011,,0.192488586,-1.2,-6.4,1.4,5.1,-3.8,-5.1,1.699,-4.8125
1/2/2013,116.3,2.2,-5,-20.9,-11.3,-9.9,-1.1,-2.3,-1.8,-5.2,0,-48.153824,13.99369481,21.3305917,18.18968501,-8.698824411,19.93703293,-5.952717186,-43.05202291,-17.87698933,9.365891452,,7.651977654,-1.3,-6.55,1.9,5.5,-3.1,-5.2,1.885,-4.5
1/3/2013,108.4,3.2,0,-15.4,-8.6,-4.9,0.7,-1.8,-1.4,-2.8,4.5,-46.22954376,14.64850101,17.73768429,14.86057393,-8.285340179,18.78833007,-7.222189999,-43.02635175,-14.43081756,7.316629131,,5.939161742,-1,-5.85,3,6.5,-1.4,-2.8,1.943,-4.8
1/4/2013,101.9,3.2,-1.6,-9.7,-6.9,-3,1.8,-1.3,-0.1,-0.2,3.4,-47.49348811,14.07834147,16.07074799,14.42476162,-7.119045512,18.08395324,-11.10429695,-44.44390457,-11.31704732,4.501232611,,2.457454506,-3.1,-6.9,2.6,6.6,-1,-0.2,1.438,-5.625
1/5/2013,102.5,2.8,-3.1,-7.7,-7.7,-5.4,-0.1,-0.4,0,-2.2,1.8,-48.85648888,12.79976044,14.72324235,14.11172118,-5.957299198,17.16226385,-9.928004304,-45.16407119,-11.73191324,4.87018356,,3.401833268,-3.1,-6.1,2.2,5.6,-0.9,-2,1.018,-5.7
1/6/2013,102.9,1.8,-4.6,-7.1,-9.6,-6.7,0.3,0,-0.2,-2.6,1.3,-43.10144049,13.34474835,16.76227877,15.3052458,-5.424175312,18.1788862,-9.07590267,-43.39118207,-12.50949937,7.018341192,,5.811550622,-1.65,-4.4,1.8,5.1,-0.5,-2.6,0.915,-5.125
1/7/2013,108,1.9,-3,-3.4,-9.1,-8.5,-0.7,-0.2,0.1,-4.4,2.6,-44.0871082,14.03668905,16.1053292,15.04534651,-11.86985777,17.64341635,-10.42296199,-44.23691584,-14.91010111,6.781298751,,5.030754801,-1.25,-4.5,1.8,5.1,-1.6,-4.4,1.598,-3.625
1/8/2013,111.3,2.1,-5.7,-4.7,-12.2,-11.7,0.3,-0.9,-0.5,-4.1,-0.3,-47.24928615,13.46164599,16.30740898,14.74721428,-13.29449884,18.01881847,-9.500895692,-44.42305991,-17.82483258,5.08858515,,3.234639269,-0.7,-4.3,2.3,6.3,-2.4,-4,2.356,-3.4
1/9/2013,111.9,2.7,-8.2,-5.6,-12.6,-13,1.9,-1.8,-1,-3.6,-3.7,-50.44374483,6.308502442,15.46846048,14.67865005,-13.88780262,18.12362949,-8.466483129,-42.4040685,-19.48306809,-0.397056421,,-2.117168822,-0.1,-3.8,3,6.1,-1.9,-3.3,2.615,-3.0125
1/10/2013,109,2.3,-11.3,-8.5,-10.7,-16.5,1.3,-1.6,-0.8,-2.4,-6.2,-46.09044244,4.714422289,17.40258534,16.35112339,-13.44893807,18.44563475,-8.724500411,-42.06265994,-17.93040838,1.747578511,,-0.945445096,-0.75,-5.8,1.6,7.3,-1.9,-2.3,1.246,-3.25
1/11/2013,108,1.6,-16.3,-14.1,-12.7,-21.6,1.2,-1.3,-0.2,-2,-10.8,-34.59644796,5.06144214,17.03177716,15.57852382,-12.47368304,17.09079786,-4.591832989,-35.62378137,-18.7880541,0.862580479,,-1.114085224,-1.95,-6.3,2.1,5.3,-2.1,-2,1.03,-2.4
1/12/2013,110.8,1.5,-12.9,-12.9,-15.6,-21.9,2.5,-1.8,-0.4,-2.9,-8,-36.33863797,4.87889663,18.10229281,15.92164236,-12.91833785,17.83974239,-4.390861816,-33.4572398,-20.55572971,3.486910682,,0.936091527,-2.15,-6.8,1.6,5.2,-2.5,-2.9,1.44,-1.75
1/1/2014,108.3,1.8,-8.7,-13.4,-15.4,-21.6,1.3,-2.8,-1.9,-4.2,-5.5,-41.28493003,5.220331238,16.70128196,15.22070469,-13.46295663,16.20446821,-6.018240557,-36.8383671,-20.4376051,7.529104401,,5.37059803,-1.55,-6.6,0.5,4.4,-3.6,-4.2,1.873,-1.6
1/2/2014,108.9,2,-5.8,-8.2,-14.8,-17.7,1.1,-2,-1.4,-3.8,-2.5,-46.69218814,8.100856779,16.23169851,15.56908597,-8.28008473,17.19222281,-7.235661568,-43.45804561,-18.57937821,10.006785,,8.055128941,-2.4,-7.6,2.1,4.8,-4,-3.8,1.811,-2
1/3/2014,107.5,2.5,-7.5,-7.1,-14.7,-17.3,1,-1.1,-0.9,-3.2,-3.4,-47.39142913,10.47282529,14.51164608,14.24564379,-6.146931798,16.27266649,-6.163731395,-43.42752564,-17.65127493,8.15249728,,6.330796658,-2.15,-6.6,2,3.8,-2.8,-3.2,1.5,-1.4375
1/4/2014,107.6,2.4,-8.8,-5.6,-13.6,-14.3,0.7,-1.6,-0.8,-2.9,-3.5,-47.83207856,14.73527663,14.82889282,14.67136513,-7.837602871,17.07166055,-4.797507584,-46.04877963,-17.9852078,5.996324782,,3.713407382,-1.7,-5.05,2.1,3.6,-2,-2.7,1.412,-1.4375
1/5/2014,109.6,2.6,-9.8,-7.7,-14.2,-14.2,-0.1,-2.2,-1.8,-3.9,-5.3,-50.70117267,11.98816887,13.33573643,12.73688493,-9.16680269,13.91643252,-5.300273789,-52.48625133,-20.20101279,4.616429839,,2.868494162,-2.35,-5.55,1.8,2.8,-1.7,-3.8,1.751,-1.6
1/6/2014,111.7,2,-8.2,-6.5,-13.5,-13.1,-0.1,-3.3,-2.2,-3.6,-3.4,-50.70203956,14.27362399,12.71854948,10.89130462,-9.745294239,12.59700905,-5.70828778,-51.4720735,-20.27482779,4.075596857,,2.214294048,-2.45,-6.15,1.6,3.4,-2.8,-3.6,1.114,-2
1/7/2014,106.6,0.8,-4.5,-4.3,-10.6,-13,1.7,-1.4,-0.4,-0.5,-0.2,-47.30139781,15.4505828,16.16784889,13.58367884,-10.30492299,15.30453521,-2.574158969,-43.97158268,-17.46870534,4.170774421,,0.498326584,-2.7,-6.15,2,5.5,-2.6,-0.5,0.237,-2.225
1/8/2014,101.6,0.6,-4.9,-5.7,-8.4,-11,2,-0.8,0.5,0.1,-1.5,-47.90841854,13.00899077,18.53864499,15.75218746,-10.22207617,18.04457749,-5.292611897,-43.16888765,-14.03310773,-0.193127264,,-2.827533645,-4.35,-8.4,1.5,5.3,-2.8,0.5,0.019,-2.1
1/9/2014,97.3,1.1,-4.3,-4.2,-8.2,-9.2,1.5,-1.3,-1.2,-0.8,-1,-42.31400228,13.8386819,17.45305959,15.18853608,-8.366888704,17.56289061,-3.708436647,-40.58409554,-12.85842051,4.917107844,,2.096743367,-2.85,-7.5,1,4.7,-2.5,-0.1,0.38,-1.7875
1/10/2014,87.4,1.4,-3.8,-3.1,-10.3,-9.2,0.4,-1.3,-0.8,-0.8,0.2,-40.50601001,10.88251689,18.31617845,14.49135502,-9.787415027,17.5127059,-8.25669778,-41.35718974,-13.91962267,2.096014136,,0.240924903,-3.55,-8.15,2.1,3.4,-2.6,-0.7,0.725,-2.03
1/11/2014,78.9,1.2,-3.1,-3.4,-11.5,-7.8,0.4,-1.1,0,-2.6,0.7,-38.32601312,11.65364052,20.21146297,16.82935998,-11.20238514,19.5150052,-8.934072581,-36.82248923,-14.68875709,0.843015982,,-0.986605077,-3.95,-8.35,0.8,3.1,-2.7,-1.1,0.736,-2.4875
1/12/2014,62.5,0.6,-4.4,-3.2,-13.7,-10.3,1,-1.7,-1,-2.3,-0.6,-32.25491182,5.497116272,19.10233188,15.31306937,-10.57645301,16.7244927,-7.788620448,-28.51993514,-14.48402046,0.134457937,,-1.49503358,-3.35,-7.95,0.9,4,-3.4,-1.4,1.042,-2.875
1/1/2015,47.9,0.2,-3.1,-0.5,-14.1,-8.5,1.4,-1.2,-0.8,-2.3,1,-23.06658966,8.31415526,19.14275761,15.62774229,-7.544198165,16.74625249,-3.941196784,-24.42987008,-11.5748614,3.856410314,,2.128197465,-3.15,-7.45,1.7,4.4,-2.9,-1.2,0.621,-3.07
1/2/2015,58.1,1.1,-6.9,-7.3,-15.1,-10.7,1.2,-1.1,-0.3,-2.7,-2.9,-26.42828935,10.21133143,18.28935188,16.43543971,-8.572350862,18.41946012,-2.277773637,-24.01247103,-11.68520925,5.62410457,,4.429969482,-4.65,-8.85,1.9,3,-3,-1.9,1.214,-2.575
1/3/2015,55.9,1.6,-4.6,-8,-14,-10.3,1.9,-1.7,-0.9,-1.3,-1.5,-22.85274525,17.09516892,16.22402979,15.05041521,-7.450037921,17.73148263,0.234494135,-20.35043159,-11.31411837,4.062297512,,2.528847595,-3.95,-7.7,1.4,4,-2,-0.8,1.275,-1.925
1/4/2015,59.8,1,-2.1,-5.1,-13.7,-7.6,1.7,-0.9,0.2,-1.2,0.9,-27.2946663,18.16474328,14.5527829,14.46726012,-7.611157283,16.65850248,-1.189447113,-26.71447124,-11.57055252,3.807695125,,2.460790294,-3.75,-7.9,1.7,4,-1.6,-1.1,0.476,-1.95
1/5/2015,64.3,0.7,-2.6,-4.9,-13.6,-7.7,1.8,-0.7,0,-0.8,0.6,-35.49500093,18.64197903,14.35586958,15.62430483,-9.181164456,17.12538868,-3.031001642,-32.35893053,-12.46706478,2.735973387,,1.664131576,-3.95,-7.8,0.8,4.3,-2.2,-0.7,0.206,-2.18
1/6/2015,61.7,0.3,-2.3,-1.8,-12,-4.6,2.9,-0.5,0.8,0.1,1.5,-33.99270876,23.83971315,15.35609894,15.45512677,-8.625198338,16.78879378,-1.833598948,-31.66480957,-12.0606031,3.065413259,,2.145836379,-2.65,-6.4,1,4.3,-1.7,0.1,-0.142,-2.15
1/7/2015,56.5,0.4,-6.4,-5.4,-12.7,-7.4,1.1,-1.4,-0.7,-0.4,-1.8,-30.31953372,25.88503756,12.06884588,12.75961563,-9.731243253,14.29802328,-3.99198022,-30.27186766,-12.69295011,3.171277874,,2.171416219,-2.9,-6.9,1.1,1.4,-3,-0.3,0.794,-2.08
1/8/2015,46.6,0.7,-4.1,-3.7,-13,-7.4,0.9,-1.1,-0.5,1,0.4,-24.30257542,22.413554,14.06499304,14.71933847,-9.528929419,16.2396055,-1.807529795,-24.92531473,-12.26132053,3.521932518,,2.580950108,-2.65,-6.45,1.5,2,-2.3,1,0.866,-2.125
1/9/2015,47.6,1,-4.5,-2.2,-14,-8.1,-0.2,-1.3,-0.4,-2.2,1,-22.26779704,14.32715848,14.52022742,14.792324,-12.33067236,16.18550246,-1.816949641,-19.96125472,-14.56207943,3.488368922,,2.666584401,-3.05,-6.45,1.4,2,-2.4,-2,0.851,-1.7375
1/10/2015,48.6,0.8,-6.7,-2.2,-14.4,-9.4,1.7,-2.3,-1.1,-2.7,-1.2,-21.44434434,10.56453864,11.85247963,11.90928922,-12.17453302,13.44590555,-0.70045859,-17.58230975,-15.49690839,2.796969127,,2.175700029,-3.55,-7.35,1.5,2.2,-2.7,-2.5,0.937,-1.62
1/11/2015,44.3,0.1,-4.4,-1.3,-14.3,-9,1.3,-2.4,-1.2,-2.6,0.2,-16.05822706,13.75577099,13.60865574,12.54571528,-10.89745318,14.64627351,2.333157212,-16.16636742,-14.95121898,2.472692053,,1.722833244,-3.45,-7.25,0.9,4.1,-2.4,-2.3,0.642,-0.8525
1/12/2015,38.2,0.1,-3.5,-0.8,-14.7,-9.5,0.7,-2.3,-1.2,-3.6,0.7,-13.56328079,14.62075794,10.7430034,7.118464278,-12.54728342,8.688982899,4.982471345,-12.41248579,-16.88406555,2.905033014,,2.111903762,-4.75,-8.5,0.3,3.6,-3.5,-3.6,1.06,-0.39
1/1/2016,30.7,0.2,-3.2,1,-12,-30.7,1,-2.4,-1.1,-3.9,2.1,-11.0702586,17.76287957,9.258616384,7.471801524,-10.12425442,7.964169816,4.720171884,-8.996946899,-13.20582263,2.748858424,,1.64171901,-4.25,-8.1,1.6,3.3,-3.1,-3.4,0.867,0.64
1/2/2016,32.5,0.2,-4.7,-1.8,-10.2,-7.6,1.9,-2.2,-1.2,-3.2,0,-14.11708431,11.47835147,9.726193503,7.785325187,-9.851427894,8.610201935,0.081415859,-12.11462319,-12.01790646,0.999912531,,-0.768411229,-4.85,-8.5,0.9,2.8,-2.9,-2.3,0.871,0.8675
1/3/2016,38.5,0.3,-3.9,-0.5,-11,-9,1.2,-2.3,-1.3,-3.3,1.6,-16.67879184,13.98885149,9.669091047,7.80536227,-12.38558475,9.660500902,0.661790153,-15.235191,-15.4799586,2.937762134,,0.743883299,-4.95,-7.7,1.3,2.5,-2.7,-2.3,0.883,0.89
1/4/2016,41.5,0.4,-4.1,-0.3,-11.9,-9.5,0.2,-2.1,-1,-2.5,1.2,-18.88778965,18.44063459,9.154061242,7.325139526,-12.80706224,8.893364506,0.706743736,-19.1823789,-15.77833131,4.948454413,,3.32132106,-4.6,-7.5,1.5,2,-2.9,-2.1,0.935,0.89
1/5/2016,46.9,0.3,-3.4,0.1,-11.8,-8,-0.3,-2.6,-1.7,-2.6,1.8,-22.50068467,16.07308488,9.7144277,9.918798387,-12.4971875,10.73822537,-2.077684548,-24.00278476,-15.51974681,4.577318287,,3.246027362,-4.6,-8.2,1.2,0.8,-3.7,-2.5,1.123,0.89
1/6/2016,48.3,0.1,-3.1,0.6,-12.6,-6,-0.1,-2,-1.2,-2.1,2.2,-23.92841194,14.69852879,11.0550065,10.98444856,-9.649398265,11.86186106,-1.932957579,-24.11439471,-14.17502602,4.934506995,,3.160274213,-4.45,-8.05,1.1,1.8,-2.4,-1.8,0.65,0.89
1/7/2016,45.1,1,-3.7,-0.1,-10.7,-5.3,-0.3,-1.7,-0.8,-2.6,1.3,-22.55602827,10.1318105,10.04796749,8.529947438,-6.530979041,9.610599922,-2.81502569,-21.54547526,-11.08969819,4.434020552,,2.963574115,-4.8,-8.6,1.8,2.3,-2.8,-1.8,0.741,-1.5
1/8/2016,45.8,1.4,-4.1,-1,-10.8,-7,0.7,-1.9,-1.4,-2.1,0.6,-24.0805439,11.04534297,9.385331408,8.981631325,-6.967966121,9.717264583,-4.726603714,-21.38741122,-11.47605398,3.472823194,,1.631882947,-4.5,-7.95,1.6,2.5,-2.2,-1.7,0.67,-1.875
1/9/2016,46.7,1.2,-4.3,-1.4,-11.5,-8.1,-0.1,-2.8,-2.2,-3.3,0.2,-22.87420179,11.70037152,9.651839999,9.712446287,-5.858713319,10.09240405,-2.631751188,-19.25421175,-10.23015095,3.598419215,,1.832404279,-4.25,-6.85,0.6,2.3,-2.3,-2.8,0.829,-2
1/10/2016,49.7,0.5,-2.9,0.3,-12.7,-6.5,1.8,-1.9,-0.9,-0.7,1.7,-21.88871555,12.40687191,12.17450534,12.06133799,-4.063308669,13.09563113,-0.518914932,-18.45059794,-9.835848503,4.235573302,,2.25288118,-4.75,-7.55,1.7,3.7,-1,-0.5,0.519,-2
1/11/2016,45.1,0.6,-2.8,0.8,-11.8,-5.6,2,-1.2,-0.7,-1.3,1.6,-18.12392949,11.23395525,12.8406902,11.74697911,-3.57329177,12.755622,1.14497295,-16.60759148,-7.643497723,3.339427578,,1.29154055,-5.2,-7.9,1.5,4,-0.1,-0.6,0.473,-2
1/12/2016,53.6,0.7,-4.2,-1.4,-12.2,-7.8,1.6,-1.8,-0.9,-1.5,-0.1,-23.24832349,10.35811747,11.62712824,10.68000293,-3.826805458,11.92363978,-2.061674588,-21.82453193,-8.651976689,2.692239724,,0.260579325,-4.5,-7.5,1.3,3.2,-0.4,-0.9,0.498,-2
1/1/2017,54.7,0.2,-4.7,-2,-12.8,-9.1,2.3,-1.7,-1,-1,-0.6,-19.97803535,11.77966202,11.59312475,10.729292,-1.40164389,11.17944276,0.770074072,-18.79628835,-8.737995425,3.247923515,,1.121966958,-4.2,-6.7,0.5,2.9,-0.5,-0.7,0.52,-2
1/2/2017,55.1,0.5,-3.8,-1.6,-12.4,-9.2,2.7,-1.8,-1.1,-0.7,0,-20.15115427,12.94588842,11.8174342,11.52892923,-4.26785956,11.86463489,0.312082314,-17.98592326,-9.569394865,2.82208302,,0.394942436,-4.7,-7.25,1.5,2.1,0,0,0.69,-1.575
1/3/2017,51.6,0.3,-3.7,-1.9,-11.3,-8.9,1.7,-1.9,-1.4,-0.4,-0.2,-21.83412465,11.96838045,11.22367465,10.68883399,-4.737156447,11.33251309,-0.461455966,-20.42797572,-9.446919234,4.127063237,,1.958338154,-3.45,-6.05,1.3,1.6,0.2,0.1,0.652,-0.54
1/4/2017,52.5,0.4,-2.8,-1.4,-10.2,-7.7,1.5,-1.7,-0.8,-0.2,0.6,-23.81625352,15.31613182,12.35716354,10.98918178,-3.472599122,12.39578847,-0.513904616,-24.00027858,-9.019827965,5.609506581,,3.710280373,-3.9,-6.55,1.3,1.4,-0.5,0.3,0.647,-0.7
1/5/2017,50.4,0.4,-2.9,-1.8,-8.3,-5.4,1.4,-1.2,-1,0.1,0.1,-22.04291138,14.34790824,11.31885486,9.981458247,-2.538404651,11.2323267,-2.088525898,-23.85422185,-7.922041472,5.133455119,,2.588995862,-4.35,-7.05,1.1,1.3,-0.9,0.2,0.674,-0.7
1/6/2017,46.5,0.2,-2.6,-1.3,-5.9,-4.5,1,-0.7,-0.6,-0.1,0.7,-19.55255571,15.04814037,11.70128012,9.985689784,-0.753673458,11.14082242,-1.953003337,-22.20792696,-4.689009722,5.229974755,,2.721066611,-3.45,-6.1,1,1.7,-0.7,0.1,0.413,-0.7
1/7/2017,48.6,0.2,-2.7,-1.9,-5.8,-4.1,0.6,-0.7,-0.6,-1,0.4,-19.48571615,14.56594538,13.30112161,11.15775,-2.490993199,12.94977875,-1.310723555,-21.42851363,-5.16600027,4.6119819,,2.721407909,-3.1,-5.4,0.8,1.3,-0.5,-1,0.686,-0.7
1/8/2017,51.6,0.5,-3.7,-3.6,-7.3,-5.4,1,-0.9,-0.6,-1.4,-0.6,-17.30682067,16.0386341,14.13325769,10.86401335,-3.96362053,13.44164893,-0.563805678,-17.52131797,-6.728675587,4.431646816,,2.613502157,-2.55,-4.4,1.4,1.3,-0.7,-1.3,0.928,-0.7
1/9/2017,56,0.4,-4.5,-6.3,-8.7,-7.2,0.1,-2.5,-1.9,-2.4,-1.2,-16.82503915,14.7151334,14.58294206,13.63487486,-4.840701935,15.56118587,0.011890195,-17.24268468,-7.808610842,4.852265589,,2.538981294,-2.05,-4.1,1,1.4,-1.2,-1.9,1.454,-0.7
1/10/2017,57.4,0.4,-3.4,-5.8,-10.3,-8,0.6,-1.4,-0.6,-1.8,0.1,-16.49369972,11.2544582,13.53302895,12.18084158,-4.623280089,14.51704774,0.381079988,-17.83206379,-8.309740976,5.838167618,,3.040813106,-2.15,-4.4,0.6,2.8,-0.8,-1.8,1.005,-0.7
1/11/2017,62.6,0.6,-3.3,-5.9,-11.7,-7.8,1.1,-1,-0.6,-1.8,-0.2,-18.87301844,12.88353657,14.46655435,11.8547409,-5.272493063,13.10295555,0.980460107,-20.59580622,-9.072663268,2.638345386,,-0.084226734,-2.7,-5.6,1.1,2.4,-1.2,-1.8,1.03,-0.7
1/12/2017,64.2,0.8,-4,-6.2,-12.4,-8.9,0.9,-0.7,-0.7,-2.6,-0.9,-20.86650035,9.468599423,13.75442557,11.90192062,-7.452347514,12.61649408,0.002660099,-24.19647761,-10.95672194,2.810253316,,0.305845421,-1.8,-4.85,1.2,1.7,-1.7,-2.6,1.238,-0.7
1/1/2018,69.2,0.9,-5.1,-5.5,-12.8,-9.6,1.3,-0.9,-0.9,-3,-1.4,-28.29682187,9.807052372,14.37362019,12.54560339,-8.569804131,13.22577224,-3.152540746,-30.07068043,-12.72947356,5.604247777,,3.277525688,-1.2,-4.45,1,1.6,-1.9,-2.9,1.477,-0.7
1/2/2018,65.2,1.2,-4.2,-3,-11.9,-8.5,1.7,-1.7,-1.9,-2.5,-0.7,-29.83053074,9.909729904,16.48598236,11.77984218,-7.810946109,12.79703031,-3.438803393,-31.27923865,-11.3476251,6.999733078,,5.20988639,-1.2,-4.2,1.4,2.3,-1.4,-2.1,1.42,-0.7
1/3/2018,65.9,1.1,-3.8,-3.1,-12.5,-9.1,0.5,-2.2,-2.1,-3.2,-0.8,-31.08036556,10.50834133,15.72132838,12.00387166,-8.51243088,13.34211647,-2.326662453,-31.04121129,-12.13049464,6.01000092,,4.068945881,-1.75,-5.35,1.4,1.9,-0.9,-2.7,1.531,0
1/4/2018,71.8,0.7,-5.3,-5.5,-14.7,-13.8,-0.8,-3,-2.5,-3.5,-2.3,-35.1888278,12.31298183,16.3262206,12.51168099,-10.80964585,14.27493497,-4.155313576,-34.65558396,-14.50677583,5.201260452,,3.258170517,-3.15,-6.8,1.1,0.9,-2.3,-3.5,1.546,0
1/5/2018,76.9,0.8,-5.5,-7.1,-12.8,-13.3,0.1,-2.6,-2.1,-2.5,-1.7,-35.0252591,13.06919916,15.736688,12.50773445,-8.938114922,14.88394664,-2.734342264,-35.16144786,-12.58014097,3.207948774,,1.476270139,-2.95,-6.7,0.3,1.6,-2.5,-2.5,1.427,0
1/6/2018,74.3,0.6,-3.9,-7,-9.7,-9.7,1.1,-1,-0.3,-0.7,0.3,-33.36638308,12.35575899,15.03213589,12.6350768,-5.480066763,14.47666209,-3.964228243,-34.09353377,-9.652749327,3.547059865,,1.600526261,-4.2,-8.35,1.6,2.5,-1.3,-0.7,0.54,0
1/7/2018,74.3,1,-5.2,-3.7,-8.1,-7.9,0.8,-1.7,-1.2,-1.2,-1.6,-30.86202819,14.11503463,15.08862105,12.58890084,-4.771743706,14.15450993,-2.854603094,-31.47425856,-8.06895388,4.172507429,,1.853431509,-2.4,-5.85,1.4,2.1,-1.2,-1.1,0.78,0
1/8/2018,72.6,1.2,-3.3,-4.8,-8.1,-9.5,2.2,-0.7,-0.7,-0.1,0,-28.80289486,17.1935376,16.04670043,14.86572898,-5.278453231,16.43770719,-1.405173623,-29.12293844,-8.076458634,5.447544051,,3.554724189,-2.85,-5.6,1.6,3.2,-0.2,0,0.671,0
1/9/2018,78.9,1.6,-4.4,-8.8,-10.3,-10,1.9,-1.2,-0.6,-1.6,-1.3,-30.76397827,9.873504649,14.09017022,13.30298741,-8.947746283,14.73980761,-3.644684928,-28.69663293,-12.21874063,4.936885956,,2.808053153,-3.25,-6,1,2.4,-0.9,-1,1.021,0
1/10/2018,81.2,1.4,-5.3,-10.4,-8.8,-5.8,3.1,-2.8,-1.7,-1.8,-2.3,-36.01414933,4.155546804,16.25756876,15.02137785,-5.8577204,16.44009914,-7.537092422,-33.62403663,-9.158665589,3.978175598,,2.295232358,-1.8,-5.1,0,2.8,-1.2,-1.1,1.279,-2.9
1/11/2018,64.7,1.1,-3.4,-8.2,-7,-1.5,4,0.4,0.5,0.8,0,-29.71450043,5.121709522,20.31484208,19.15764783,0.749853888,20.6957901,-8.500516989,-31.57610789,-3.284139056,5.039594564,,3.792125661,-2.7,-6,2,5,0.3,1.1,0.795,-4.48
1/12/2018,57.4,1.3,-4,-8.4,-9.9,-4.7,2.1,0.3,0.5,-0.1,-1.4,-23.18687195,3.93631288,18.24145839,15.81413548,-1.505340706,16.79087907,-5.408497007,-28.23590801,-5.599308965,6.043057633,,4.557975605,-2.2,-5.2,1.7,3.9,-0.2,0.2,0.859,-5
1/1/2019,59.5,1.6,-2.8,-7.8,-12.2,-4.6,2.3,0,0.8,-0.4,-1.2,-26.80745872,2.109940534,17.17096575,15.5134862,-1.033797454,16.00390837,-8.161033516,-28.26467842,-5.765441939,5.001004012,-0.853650737,3.855722227,-1.6,-4,1.4,3.3,-0.4,-0.1,0.991,-5
1/2/2019,64,1.5,-2,-9,-10.9,-4.2,2.5,-0.4,-0.1,0.5,-0.9,-30.97796711,2.002793041,16.29063191,16.12611736,0.075227582,16.96034591,-8.434113459,-28.87538293,-3.687851315,3.952343361,-2.335636364,2.910074053,-1.6,-4.3,1.3,3.8,0,0.6,1.038,-5.75
1/3/2019,66.1,1.3,-1.3,-7.9,-9.3,-4.4,2.5,-0.3,0.1,0.8,-0.3,-31.15900809,7.084882452,15.70535888,15.01015864,-0.637241816,16.4121294,-6.816591981,-27.04967446,-4.134265164,4.960577985,-0.663896104,3.075169497,-1.6,-4,1.3,4,0.9,0.8,0.974,-5.94
1/4/2019,71.3,1.4,-2.3,-7.4,-9.8,-6.5,1.7,-0.1,0.4,-0.3,-0.8,-36.3872471,13.7289164,13.1424412,12.45077017,-4.700751082,14.06520918,-8.57274952,-33.09116964,-7.292836667,5.46096037,-3.10231405,3.919292608,-1.9,-4.4,1.8,3.4,0.6,-0.1,1.08,-5.9
1/5/2019,71.1,1.9,-4.3,-10.3,-10.1,-8.4,0.5,-0.9,-0.2,-1.7,-2.1,-39.0916392,16.09757218,13.25047085,12.35943925,-4.806451705,14.39118825,-10.50686971,-37.27351929,-10.41403504,6.212726101,-5.629664032,4.786822767,-0.8,-3.5,1.5,2.7,0.1,-1.3,1.522,-5.82
1/6/2019,64.1,1.7,-4.6,-9.4,-8.1,-5.2,-0.2,-2.7,-2.5,-2.3,-2.8,-37.38004307,10.62005699,13.41612524,11.56969719,-0.661898624,12.77488049,-11.4879366,-36.91802271,-8.436628603,6.581345097,-0.835,5.262463118,0,-3,0.2,2.1,-0.3,-2.3,1.617,-6.375
1/7/2019,64,1.4,-2,-6.5,-6.9,-4.1,2.3,-1.1,-0.5,-0.8,-1.2,-38.18608611,14.78271341,17.16442646,14.04653239,1.731123332,15.43168311,-8.039683948,-37.72304433,-5.839956275,7.441512055,4.105513834,5.85368144,-1.1,-4,1.6,3.8,1.2,-0.3,0.786,-6.99
1/8/2019,59,1.3,-1.9,-4.2,-12.6,-8,4.2,-0.1,1.2,0.1,-0.5,-36.9540215,14.22490375,18.11860024,16.25868208,-0.217299901,17.03233102,-9.313548387,-36.71108706,-13.84947064,8.667309017,-0.952231405,7.948247561,-2.7,-5.5,2.9,4.4,2,0.7,0.683,-6.928
